<application>
  <component name="GitRememberedInputs">
    <option name="visitedUrls">
      <list>
        <UrlAndUserName>
          <option name="url" value="https://github.com/zyraglee/CS4011.git" />
          <option name="userName" value="" />
        </UrlAndUserName>
        <UrlAndUserName>
          <option name="url" value="https://comp.umsl.edu/gitlab/jdc32d/testing.git" />
          <option name="userName" value="" />
        </UrlAndUserName>
        <UrlAndUserName>
          <option name="url" value="git@comp.umsl.edu:smdy8/software-professions-project.git" />
          <option name="userName" value="" />
        </UrlAndUserName>
        <UrlAndUserName>
          <option name="url" value="http://comp.umsl.edu" />
          <option name="userName" value="zdgx6" />
        </UrlAndUserName>
        <UrlAndUserName>
          <option name="url" value="https://comp.umsl.edu/gitlab/smdy8/software-professions-project.git" />
          <option name="userName" value="" />
        </UrlAndUserName>
        <UrlAndUserName>
          <option name="url" value="https://comp.umsl.edu/gitlab/smdy8/software-professions-project" />
          <option name="userName" value="" />
        </UrlAndUserName>
        <UrlAndUserName>
          <option name="url" value="https://comp.umsl.edu/gitlab/zdgx6/project1.git" />
          <option name="userName" value="" />
        </UrlAndUserName>
        <UrlAndUserName>
          <option name="url" value="git@comp.umsl.edu:zdgx6/project2.git" />
          <option name="userName" value="" />
        </UrlAndUserName>
        <UrlAndUserName>
          <option name="url" value="https://comp.umsl.edu/gitlab/zdgx6/project2.git" />
          <option name="userName" value="" />
        </UrlAndUserName>
      </list>
    </option>
    <option name="cloneParentDir" value="C:\Users\zyrag\IdeaProjects" />
  </component>
</application>